"","y","w","z"
"1",5.6085431712434,NA,0.900141986388868
"2",-1.54572550366037,-0.426320758644409,-1.17334577255249
"3",-1.31420408853457,-1.53601680309165,-0.897485361313152
"4",-2.04173458988028,-2.97875235125785,-1.44450140027742
"5",3.03643380434715,0.631757582901237,-0.331013578354645
"6",-10.7773601873497,-3.23487156390673,-2.90062898744206
"7",5.58754551971486,2.27684675342985,-1.0592557280447
"8",-0.449221873168603,-1.39139754490836,0.277954737955861
"9",2.59258792936567,0.254424826614121,0.749485918381303
"10",9.67856756324676,2.53344040834526,0.241582536666182
"11",5.97559269648609,3.68170843847814,1.00618570346283
"12",7.09449137044932,3.86857449220251,-0.185146025223013
"13",-1.86858363048851,2.3298897481987,-0.981826713190993
"14",1.60290953492079,0.828456330841628,0.0929079452380497
"15",1.38272905660553,1.67337215880817,-0.0527843955511332
"16",2.2990990452118,0.10048345817931,-0.0803278985394454
"17",1.6446460383365,1.37998736337419,-0.654103667230338
"18",-1.55622272532,-0.23629341138918,-0.950683509079582
"19",3.37799933654602,1.37222836827425,1.01956176281218
"20",3.76871971523855,0.889589567583964,0.859046412349191
"21",5.60145273969418,1.27230733411932,0.364460783799115
"22",6.34923003106765,2.07187186509074,0.383651000560024
"23",3.95089991079739,-0.269877707288098,1.11340571729247
"24",13.1255009777737,3.03256985227553,1.21150978723465
"25",3.28467121520344,0.780701602664866,-0.348325461627704
"26",-3.91061240002609,-0.512823462916337,-0.859553446975975
"27",7.57586064481085,1.26760401629493,0.650027187615936
"28",5.8435263693106,1.02630217595288,0.328059130511802
"29",6.13723276876197,1.55176173204827,-0.517946572606714
"30",2.47566685320131,0.714496808953746,-0.238982149449897
"31",7.80568363383656,3.34440719708089,0.117778855050916
"32",11.8256391573205,2.22594177385491,0.831518453116956
"33",-7.92136076226566,0.34792931886513,-1.55891891873959
"34",0.957310872776413,-0.3991829554342,-0.220519069210851
"35",-3.0533885356925,-0.877891971536336,-0.817194429985407
"36",15.5524699395588,4.65446197925661,1.07667744176014
"37",12.1346384975021,3.46615633645913,1.07966400375281
"38",3.27710351342447,-0.0175926606104301,0.142128104998856
"39",3.44089217273177,2.30231589766412,0.156979546383845
"40",-0.314966285984,0.3936214017945,-0.168720264880758
"41",8.26133287698616,2.75172271535109,-0.269037692255605
"42",2.72524259571889,1.91256423575613,0.807768418999185
"43",-4.7489227570733,-2.94713322142351,-1.12471723852887
"44",-4.46976642036091,-2.72257750436759,-1.43078802224492
"45",2.68423265654347,0.437148815141412,0.0603566777318637
"46",2.98435921159087,0.183958946572502,-0.792982495122957
"47",8.79943796520206,0.0945004052015841,0.340275932033817
"48",3.38594207366587,0.558973935224488,-0.259468729649122
"49",-0.765830373450235,-1.76208712218699,-1.30484864716659
"50",1.90491848321451,3.21362833913841,0.368173441871034
"51",12.183189191259,4.535692749413,1.69319001632937
"52",6.42815299348912,2.68375030730223,0.99583702159526
"53",2.27329177801883,3.12562349398505,0.186752135494375
"54",10.5634475535254,3.24096260689305,1.23833739805882
"55",3.46647762889817,1.52298948057542,0.3093732974763
"56",3.45702238200487,3.7668188356211,0.635717928940231
"57",4.66730703581581,1.99536884482258,0.023183274585071
"58",8.84612687696902,3.22975468170023,1.17786360251662
"59",-0.670208445346968,1.88958718314314,-0.453546599671728
"60",3.07259817092644,2.51338578677383,0.415927538705565
"61",-3.80998939019026,-3.06529189687997,-1.33844239052456
"62",-6.82749882704843,-3.47268195269911,-1.2919747384096
"63",-2.14281346367082,0.155777914252544,-0.30907421403321
"64",1.24618946320044,2.456316341305,0.156512092955716
"65",-1.58371670409935,-1.76474738796449,-0.833916751871175
"66",5.00147266008929,2.04042908705512,-0.0245492830946555
"67",-4.81238810405973,-1.52563483985769,-1.13735155172602
"68",8.16378441360528,1.67719379526135,1.07205424752325
"69",17.7398787792033,7.52147411065168,2.31449858179139
"70",4.48952671192604,3.75531250784564,0.422973104995731
"71",3.03932675740527,3.59348499145089,-0.136939047218763
"72",14.0897848985729,4.50081356160974,1.3283965234648
"73",6.81582599916182,3.01434245944858,0.436535665402342
"74",0.404041596059458,-0.657091921440939,0.0664285142792538
"75",7.15581589887093,3.90139663275941,1.30465980961489
"76",-1.31837594110763,1.3744900727694,-0.209259539109852
"77",12.1947501062792,4.85225038580878,1.01825303727213
"78",9.60249123667645,4.55411462764208,1.36603496266482
"79",14.3716682994464,3.85793122170581,1.47669584889802
"80",8.45056532010687,2.06783757691913,0.887306531209751
"81",-3.1281063065538,-0.778969760898337,-1.01590889954126
"82",10.7362759757805,5.61222809518126,1.87086906108795
"83",9.1919696579818,3.5099455577075,1.07619841967864
"84",-2.68421397642054,-0.729388111859244,-1.07440762882936
"85",-10.4930247956702,-4.14881165801743,-2.19557597355007
"86",11.4594885861666,3.07534097179652,0.534544568561051
"87",15.3356479661103,4.69927799823715,1.34373342940704
"88",12.490427793066,5.12383208808021,1.3850035411838
"89",16.2833769904927,5.25602622790627,2.7469267753601
"90",4.66467895326784,2.073891586165,-0.0459446884945506
"91",6.39918486017221,0.704941658738893,0.743085339231674
"92",3.55811365241318,2.42847386277986,0.260424695305415
"93",-1.33174340626911,-0.628217063073121,0.428281903848916
"94",2.68014234122614,1.4951855026702,-0.368258753927321
"95",21.1580340022022,7.62995413238644,2.88742330353569
"96",-2.02844852776782,-0.813808701066442,-0.607072643812201
"97",-13.859991261883,-3.43468024730878,-1.87919873673961
"98",11.033009519444,3.4377593148502,0.718356568699644
"99",9.16600065373433,3.68533672597081,0.251425568989674
"100",6.11991501955278,2.39545298184056,0.467022973141774
"101",1.31240585705242,1.95469350993904,-0.217888380406603
"102",-1.84103487176836,-0.0336657429865271,-1.21764770721889
"103",-2.65977170277821,-0.331009829886459,-0.754078505304678
"104",4.8379896470824,2.10788322673741,0.191230180754749
"105",16.1923728536455,4.2103147850779,1.04728276468011
"106",10.115214581191,2.30359674426023,1.08982838509479
"107",4.11689522236308,2.1664598920591,0.695474419346297
"108",1.76283482792818,-0.0347664158998937,-0.52436875648724
"109",7.01067530208305,2.37986309586437,0.26401592917573
"110",10.3997623496702,5.47651039448056,1.24120039307679
"111",-0.0733679666509962,0.405910050160071,0.643297238832006
"112",-4.46474059262218,-1.63245792425854,-0.996762609202578
"113",-14.6511524552805,-2.80035138568918,-2.00229845442566
"114",2.68446516937285,1.23975632068287,-0.4758391069409
"115",5.6116975763229,1.55451625399858,0.0441799818968731
"116",-3.07364198696645,-1.84702914483662,-1.38113535845175
"117",4.158343879565,2.10158835245738,0.247519654615787
"118",-0.0424306145498167,-1.5153459532004,0.224189650327058
"119",7.41057364960779,2.40603828570918,0.861478944000314
"120",-3.6431183483877,0.49656135898832,-0.926762264610717
"121",3.57032305187509,0.0365955523808421,-0.320443004778735
"122",5.95152737558141,3.45882603582525,0.673024776822382
"123",-10.5266624576986,-2.33526730569128,-1.2656297569836
"124",-3.06667109651126,0.189835954718531,-0.518520962505735
"125",7.53463483483884,0.552086977718819,1.12249412557148
"126",0.530816859577477,-1.21217423282385,-0.315977535543141
"127",-4.12155773883548,-1.32848743670413,-1.75829920357427
"128",8.31024520859442,2.61886158975537,1.23725343829518
"129",-7.16579351703356,-1.44182900681633,-1.6639523691326
"130",12.7321311749043,3.68842215412637,1.85573445646735
"131",11.9190878335317,4.87463793376755,1.05799741476978
"132",3.33414446366234,2.20426892937382,0.037268816531187
"133",0.314563295187267,-0.450426286083745,0.00460502278263289
"134",-5.52121541081134,-2.4621123528756,-1.94383427325281
"135",-5.50807855810007,-0.323519877010598,-1.56962340992842
"136",-0.421198329530937,0.261728265375113,-0.273297159471753
"137",-1.36296603466739,-2.81213558060455,0.468853819748489
"138",7.01410959625142,3.40633823732513,1.03253876207181
"139",2.37408020268104,-2.14962503967943,-1.41839610423229
"140",4.7857570198226,2.2667781909335,-0.0878775027423643
"141",10.4112125021766,5.45165717170643,1.57863074815094
"142",6.31269954376444,1.34975578024826,0.244624932417036
"143",14.5320597302245,4.88315407238371,1.49709349748032
"144",5.64142199098055,2.62463403572903,0.915906418894991
"145",8.46512221437957,1.95188399528194,0.320841191182473
"146",8.73334822293153,2.65163754146709,0.562724274556869
"147",8.52051078636256,2.92108150713632,0.53929531793684
"148",-7.27294178473236,-1.52979249852423,-1.07340491133218
"149",-4.21787767702072,-2.00685042789481,-1.88316062840544
"150",13.0210898748107,5.45799702260865,0.911390200666301
"151",-3.83100648465052,0.879527979877749,0.0495963524563537
"152",-7.07645472730118,-3.28511463005507,-1.23565490640261
"153",0.943850730777723,2.01752876118085,-1.26375190760533
"154",-1.256540737459,0.279664018560029,-1.14286495774446
"155",5.93297297717349,1.78770784991262,0.654411751984567
"156",0.0203615837053552,-1.98124385638093,-0.676819447121683
"157",-3.8707041894062,-2.56572846286918,-1.07391049115054
"158",-4.72533017854864,-2.10872249818519,-0.97565812908772
"159",-7.63668029803098,-2.41855155498218,-1.12627462451387
"160",-13.9989322633326,-4.94290022927972,-1.96931272991899
"161",3.0287660097244,0.177279879057985,-0.581988976960552
"162",-10.0807739450723,-5.12302007511767,-1.76250713899534
"163",2.09623045746987,-1.06881807241201,-0.527826007219868
"164",-1.92109104694609,-0.308149021315229,-1.37432758051148
"165",-6.33718083972195,-0.570996352789098,-1.93371260489532
"166",11.4051097568793,3.60968938501548,0.979783093084013
"167",-5.1070400156735,-1.27718782791949,-1.49568950933583
"168",13.2883852111062,2.73958472423467,1.70080954906188
"169",-9.22274223021471,-2.98308624860791,-1.40102569024578
"170",-0.381150937845486,-3.00446096334765,-0.484463044585117
"171",-1.69005226409762,-1.00565494963812,-1.21617861579043
"172",7.71915059355094,2.2772373659283,0.104770518942688
"173",-0.184922923579344,-0.684422818767033,-0.242537109604883
"174",0.328730570268904,-0.631151251800031,-1.41578104579648
"175",-6.53366599370547,-2.23511280468614,-1.04945983778176
"176",6.18136659129702,0.968360430870535,0.269056969828784
"177",2.05501262431753,-0.440847529700616,-0.478716160979568
"178",1.36670775919273,0.0559650318723633,-0.299448367799035
"179",5.61817025624193,1.33930207057534,1.03814850764499
"180",13.7240095353872,3.19704253970337,1.02892511563562
"181",-10.8024995020505,-2.31777933640294,-1.97167519660192
"182",-6.73839752428591,-1.59879035471406,-1.28332990181865
"183",1.15467936673442,-0.75775590636749,0.0485812522811293
"184",9.38380255348817,3.44277681580207,1.21063108931905
"185",-0.663624423659515,-0.815222460392773,-0.484670634473374
"186",-5.01787497120465,-2.9230885655362,-0.793309612493324
"187",-0.214763264095031,2.46640456813893,0.172414357127203
"188",9.21149919847043,3.18785375272324,1.10521310429321
"189",7.6004485199057,2.6773978331782,0.740875529151376
"190",2.70560208317695,1.88509552895817,-0.241446649313909
"191",6.92518813925273,4.40709003901818,0.614957442314019
"192",14.5559639419041,4.80405524940949,1.38254646922311
"193",-8.27120823983265,-0.343516478070525,-0.58320256031758
"194",3.10561085995205,1.35595737740537,-0.197930075801755
"195",-1.06732708382109,-2.31383471173937,-0.603229478622739
"196",-1.16066223453872,-2.54345566774091,-1.08864840085595
"197",1.22057422028958,0.322582831380311,0.183915273946049
"198",12.6179833964563,4.90861414411995,1.30713629476604
"199",6.0900507690994,4.03748169401177,-0.168283290629343
"200",0.244567230805456,-0.559115842071799,0.343840747833842
"201",3.65469859715008,3.21238023665405,0.376474561796317
"202",2.21510848116649,2.03245846383345,-0.194539609047167
"203",-7.85653415637665,-3.54234711810721,-2.11533602349203
"204",-3.04748607734316,-1.1867493651027,-0.913067401929311
"205",2.76483474645222,1.06817948276922,0.349709252151001
"206",2.56513244297485,0.511228820125287,0.405577108101648
"207",7.01014371242219,3.00665101020811,0.505326123524365
"208",-10.2975375385931,-4.59036805909092,-1.79186710644922
"209",-0.453062217489575,-0.23845557957884,-0.661488935405728
"210",2.06570717410541,0.815390796165328,-0.37227284546399
"211",4.88797547000394,1.51419881188631,0.15866100854359
"212",-3.37592970021752,1.08582745710463,-0.678412415849817
"213",1.04399262817568,1.32335444534584,0.0824890277792071
"214",8.036120300112,2.72265367595939,1.24374010927818
"215",9.88651179604359,1.54324041579387,0.880495548151513
"216",1.24934459960995,0.110491567780262,0.543958727504537
"217",-0.614235473707196,-0.190719689191465,-0.790905126734272
"218",8.48287412894211,3.17321530370271,0.427144696585241
"219",12.0651075137232,3.39059028733461,0.951114317012018
"220",4.23578015176727,0.0634991174896257,0.820117090459887
"221",-7.92469307646962,-1.19184487620797,-1.81094597054201
"222",-0.999208254554829,-0.239595953344199,-0.279913636790156
"223",8.9026216810371,3.10674997334067,0.671068256147616
"224",9.35960372670199,3.70618856247644,1.5969725308728
"225",-0.0252832927067229,-0.140199627394649,-0.725731828676226
"226",14.119363994597,5.17574805632649,0.960575165842922
"227",6.39458621574044,3.1042241914217,0.956439584955644
"228",9.64010407838741,3.83749146016971,1.2658476866844
"229",2.92519333052234,0.787051583890666,-0.236956173278826
"230",-3.16465341743071,-0.00449338822533518,-1.52011407643048
"231",6.41472683949666,1.12782226103259,0.339553425276409
"232",9.06820453112392,3.35760896417519,1.39597391114774
"233",-6.89802689205109,-3.29905288699791,-1.1860622233773
"234",-0.91298598665344,0.631787267695596,-0.404471549545339
"235",1.42959300771162,2.37926949833534,-0.28710614953888
"236",6.22951942699321,-0.217936535319621,0.942585748336536
"237",-5.15336752873339,-2.47667793253075,-1.05473859000695
"238",-3.13057088953297,0.337106530988515,-0.657277510042655
"239",1.39738902367444,0.961146042207826,-0.414288870494584
"240",5.20956517995195,0.295417554522154,0.453966693514414
"241",-1.28960057235311,-0.48797806671432,-0.553953972735093
"242",5.70462028995284,2.60416149055287,0.353868528259363
"243",0.324921687282328,3.16739263284198,0.148285816791759
"244",6.37762168789344,1.62803398928638,0.376511915338479
"245",7.60825041740999,2.24008583975575,1.50698710388655
"246",-1.99042397229518,0.566767729716783,-0.927294951743828
"247",-1.10592507052212,-0.88268363616528,-0.587141230768207
"248",20.3251523675669,6.43663777794693,2.45892570971231
"249",9.48677925056042,2.72216779138879,0.673741880952482
"250",4.92018674631582,2.44840425641013,0.334424366987236
"251",13.6528103538307,5.16781299447008,1.60904193654196
"252",-1.35246773932399,1.12322497444603,-1.11539925794361
"253",0.407888035231427,-0.11590013758127,0.0101300700978363
"254",-10.3981298999231,-3.39198010582737,-1.05235793668426
"255",2.98797861907258,2.03328257224213,0.433923239686511
"256",3.12307214034104,0.932923758585538,0.658089617197875
"257",0.462546696877886,-2.47722743232354,-1.44007333073041
"258",10.4585887857235,2.37510595484631,0.473361208956643
"259",-0.872067837229378,-0.898300936063305,-0.80585211781471
"260",-2.70333890976767,-0.105066214881913,-0.78546592577368
"261",-1.33016810005301,-1.62305013186424,-1.13535060236186
"262",-0.744620707690171,-0.240531017828132,-0.911425176570266
"263",-0.24230741253778,-2.87271149151609,0.0899662727170644
"264",6.54601239309215,2.12959416069673,-0.236094743705634
"265",15.3657094543191,4.37221419062861,1.62757912271799
"266",8.23615009622283,1.57989742122925,0.505200627531372
"267",9.13908945162193,-0.544939871241737,0.0374373021065295
"268",5.89312234087915,0.944591036725649,0.365165210179243
"269",-6.00228697139879,0.556230745089029,-1.39460080161197
"270",5.622412140388,3.10202312606724,0.635134655048875
"271",0.961052537056057,-0.944722356025873,-0.477752697766483
"272",-4.61850219913117,-0.340487875809222,-0.819974254308089
"273",5.46802972179281,1.30456680613516,1.25238415532148
"274",-3.83582164434711,-2.4179816313666,-1.3183499460422
"275",7.27939007860563,2.01944348583943,0.544261180773572
"276",4.56501832788677,0.507372934780539,-0.186896998222935
"277",3.69308065285441,0.0396539415080869,0.615963600273154
"278",8.54456506441613,1.28930929964831,0.527987584050292
"279",11.9443734932594,4.43134060947924,0.234455289600258
"280",6.99779326327896,0.978051850160643,-0.112298083113733
"281",1.52041287458195,-0.571226177808056,-1.31629691271597
"282",4.64228421292989,1.62087516257459,-0.336767522260403
"283",8.52936633125265,1.78791693087302,0.478410170285932
"284",-6.16870897227301,-4.74337181952146,-1.09391157111761
"285",9.47453135722642,5.71999583249183,1.2614055892467
"286",1.9543694726296,0.527353114082465,0.0360151830111959
"287",9.10519102891049,4.54413843021434,1.88106720811246
"288",-8.00304215990343,-2.98264783759162,-0.866455045325077
"289",-2.19028511181463,-0.171299657646114,-0.994847763827616
"290",-12.5018050543778,-2.02870305515123,-1.51723355076792
"291",4.82720684714924,0.467637562187453,-0.0401771479693711
"292",-3.56641842197032,-0.959175517744298,-1.78653778438951
"293",10.9542578391279,3.24436633969467,0.956246207598753
"294",-1.06375293303044,0.94638442789746,-0.280495841675282
"295",-1.48158940230416,-1.11237141221125,-0.411187327780249
"296",1.01373683501907,-0.655762052339657,-0.463430445033935
"297",-12.0101031418691,-3.24337255744292,-2.45493700894746
"298",2.33923105446554,2.24745430534876,0.312886330123849
"299",-2.04885345675127,0.542801047786988,-0.791338176923647
"300",6.14356834350516,0.459669378879994,0.225465009245639
"301",-10.7487977378947,-4.67758008512159,-1.78380784387531
"302",-6.15204946932247,-3.97814882451013,-1.36982883289336
"303",0.948133438518326,2.47179224552985,0.393976694475698
"304",4.96868729065896,1.17904804393645,0.267222047822932
"305",6.83845314230622,3.45498378450646,0.0872357088253541
"306",14.6966135790452,5.24295308284771,1.55186493549508
"307",9.56890562492388,3.66441774496131,0.795528695200149
"308",7.5517964581358,3.34332011319658,0.341340122562055
"309",-3.09334354708738,-3.16220194360942,-1.10980981660347
"310",-7.38740728862112,-3.34777135882177,-1.04236212790075
"311",3.10935527452534,1.94379418071363,-0.188994839940697
"312",8.65487512094968,4.14437553401334,1.28603072139057
"313",-11.2301442239186,-3.67121109322465,-1.43118948944426
"314",2.87654343847097,1.70721502511193,-0.387460529605464
"315",3.30228856551502,0.291224601893129,-0.502602938395649
"316",3.01119363650228,0.749680212695139,0.0675504862025665
"317",9.75385788518963,2.50402126969932,0.506546455112879
"318",-1.44376905931225,-0.444079833286419,-1.28161568831771
"319",-0.71448254385511,0.185512116663805,-1.05535403034807
"320",-2.44548568420159,-1.03225092322137,-0.482178782928567
"321",8.33586197639059,3.69820364035154,0.728531884325167
"322",-6.65425712085654,-1.37590393689537,-0.218380434632784
"323",10.4995905494887,3.26646207639705,1.30891313689265
"324",8.45188443746836,2.72935242328411,-0.250701599326571
"325",-4.70103382546013,-1.90541413200628,-0.545654916983856
"326",12.4412079530496,5.57755781654017,1.2309073523073
"327",-1.98725419794249,-0.828008017430888,-0.537828799375675
"328",8.49472492533502,3.4605397635453,0.595821782681765
"329",4.22140884058935,-0.342078930353398,0.45196297163329
"330",-0.865696094199332,0.771874946121288,-0.664204200821774
"331",-6.43930779311553,-4.04265261794392,-2.22776545441268
"332",4.88181559804194,-0.147934829432552,-0.000728904227197422
"333",10.8971424176404,4.79228489791357,1.35885867526978
"334",-1.47496070851746,-1.19337627482811,-1.32755923700452
"335",6.05877234557786,-0.513134065178484,0.249763076330846
"336",-3.57448010631984,-0.221846572118312,-1.1601359671347
"337",9.61221209191278,5.09705044840156,1.25458606661949
"338",8.88066818655062,3.95940507535767,-0.277346563449599
"339",5.69788973451458,0.906842228667781,-0.227180976022191
"340",-4.84266913009025,-2.66115678881588,-0.454891896776871
"341",2.26942748058979,1.20842811470678,-0.112702619955665
"342",1.33948318154085,0.203089533965059,-0.0341343222519652
"343",1.3013611742108,-0.465784338842129,-0.398090933505334
"344",-8.03182454632145,-2.32681073041613,-0.334309398961754
"345",8.60115079971478,1.98759637941555,0.559180637513342
"346",-2.70371478906654,-2.3984254447171,-0.242955601719688
"347",-6.40580333004905,-3.88303493413987,-1.69008513871323
"348",-1.89922575398482,-0.847319004930718,-1.29509769469694
"349",9.49037259610642,4.25470987168356,1.03039730636998
"350",-2.10198608337838,1.43106593599724,-0.773684344955961
"351",5.99676654613501,2.01767889580251,0.397466473300056
"352",-3.39873805775576,-0.339428888611511,-0.732082160652495
"353",9.78862203221732,2.8523839005274,0.556583820933281
"354",-1.13613435013493,0.0539280015611353,-0.526687935586857
"355",-4.20147313155785,0.192015610797731,-1.01017313515534
"356",4.81107747759077,-0.025334952037412,-0.303750392099808
"357",-2.80059814537189,-1.87860845113108,-0.992755233485019
"358",6.07780094446033,0.909098949971666,0.573000720395463
"359",10.0835689568636,3.16372857898354,0.562025322287991
"360",-1.0012078754239,1.92329591645085,-0.582605983618649
"361",5.27936723705208,0.676066594596535,1.02037878079331
"362",2.14188025447118,-2.03073646352761,-0.322242697863166
"363",0.720797895244292,1.67933695350035,-0.0390875713886047
"364",5.26086775258208,1.51769467623898,0.231006486297487
"365",11.9211026233514,2.94465553758548,1.34843819068995
"366",7.67938836333151,3.73110789824299,1.32610475642085
"367",0.512829100882798,0.482187270739452,-0.0480977788552334
"368",-1.4994703936067,-0.332342297046678,-0.59721354903784
"369",5.08201100307735,1.65924563728708,0.607736809032137
"370",8.13485058209398,1.4734181996573,0.820151625235009
"371",2.00792229101342,-2.12005936001799,-0.20735338311609
"372",-2.84577958281312,-2.33703107847607,-1.2862885816393
"373",6.96240429182349,1.06325609321295,0.405406502262415
"374",3.47287290292538,3.43784008457801,0.575597165310884
"375",0.150294601460941,0.0764052627513376,-0.659804256219011
"376",-4.97883117520804,-3.19446683815659,-1.04550958026902
"377",2.72596916292965,0.504114801658248,0.33345883066239
"378",0.882029255119564,0.248957478790978,-0.730614101883577
"379",-2.09609816402025,-0.561061422973002,-0.0959420288286988
"380",11.5643361090946,5.78694986664299,1.67931844825263
"381",1.86929175763132,0.314189299938662,-0.286195758890461
"382",5.26518494204862,2.21556278538838,0.964314959874333
"383",-3.0580608790828,-1.73486909626694,-0.721561584986479
"384",4.50530599798988,2.28608111802125,0.231152765824951
"385",11.5728406652206,4.05359652791248,1.81215007175541
"386",-2.88167298019869,0.347989948788139,-0.609844894546889
"387",0.421703826854583,0.0195715207826743,-0.944064311753011
"388",8.4145217876543,-0.290536304757078,0.547383686887797
"389",0.452303910866176,2.20412975545911,0.327824356309387
"390",4.63418487745016,1.0750103713164,-0.393541887811535
"391",-4.58472514274549,-0.99206769412265,-1.01519715389026
"392",3.58507456890496,1.64481755056903,-0.626626962942837
"393",8.9776168166294,3.24027599555583,0.78233505822814
"394",18.9976896392171,4.13032512081976,2.69377852795142
"395",16.7991214277608,6.16429110927211,1.86421926113677
"396",9.24839684237197,2.1865358712172,1.17838453951145
"397",2.10912085248532,-1.06455695149614,-0.172794008474162
"398",-7.66132182696201,-3.86082033422498,-1.97633458489831
"399",3.54405487680349,0.142184299809461,-0.241014769885917
"400",-1.80807081303895,-0.498267607384882,-1.04499073881804
"401",7.98068822295341,3.37666981149706,0.825340970132626
"402",-9.37564070330793,-1.61914870464847,-2.1507150147294
"403",5.51266001167646,1.37595236019078,0.27574700611071
"404",10.0842373174612,1.65306174299915,1.06720552127673
"405",11.1334364114088,5.34347244713717,1.71987242974436
"406",5.49483625338476,0.985042462526123,0.299964771213338
"407",13.1048653043057,4.01004253576329,1.09941084511077
"408",5.75993734248691,2.0747182190045,0.514617982468995
"409",3.48351991307529,2.0751069304188,0.489451273389712
"410",-0.559110126460716,1.54236092945218,-1.00875446531835
"411",5.14536288869962,0.791079261337,0.593859437839939
"412",-1.98839032994977,-0.361074285506641,-0.223506870051641
"413",-3.16443227021129,0.0494212256400995,-1.26479841292488
"414",-1.77345590902964,0.0850760568872131,-0.188224278965201
"415",1.95461196925116,0.871192812142331,0.21199177859607
"416",-2.76108117292998,-2.37329479626446,-0.91804286194986
"417",-3.63901241847241,-0.438683462531989,-0.939601939632797
"418",2.7349932234429,-0.427979438349438,-0.328564936818973
"419",14.5991338423233,5.3300987336685,1.34218697200954
"420",-1.12133957187377,-0.230164416359629,-0.0205125950385291
"421",5.36822260646228,-1.26203030883177,-0.279556845998194
"422",-0.718139173123731,-0.481079460066221,-0.664054414677202
"423",19.9801823905345,6.65045453772666,2.05789412675805
"424",-1.2515342617403,2.84589467444691,-1.01900856241756
"425",12.6778263656319,3.69028347649424,1.19502015859515
"426",9.11508052668303,3.15233019961179,0.298209752421552
"427",6.48838087851464,1.99499769620698,0.155029585894629
"428",4.74747085542394,2.47140316757837,0.259044227538709
"429",4.59843387546905,1.28858914279733,0.544056239493739
"430",-3.31664745180393,-1.4368512744733,-1.05771767911528
"431",8.56028028647474,1.28075166406574,0.939871204257247
"432",12.0164785208263,4.18397490787413,-0.283410309494281
"433",-2.93786252496472,-0.0178824231688938,-0.827006549982588
"434",14.6463450201191,6.14564454652203,1.96248913892599
"435",-1.49402044456863,-1.8374639033157,-0.895799097529596
"436",17.0776126648887,4.15906141368686,2.44880533092631
"437",-0.372957175843094,0.483986670429164,-0.533384350798782
"438",3.3880513265922,2.89908825841209,0.0889804535321118
"439",3.22846051742094,-1.59966874919979,-1.42414060696587
"440",7.40865501955845,4.05023341294145,-0.216636200337821
"441",4.01489631171151,0.966537043663509,-0.294018653277537
"442",-1.61872505019169,0.941851421685906,-0.404126095531439
"443",2.86430068676581,2.87624015606525,-0.486240847866702
"444",-8.11758145026958,-2.55015733578167,-1.40150824610853
"445",7.48938719759808,2.20535107264568,0.360856492508452
"446",18.998873310892,8.08888772820432,1.89321350221557
"447",1.0027942419883,2.059511592909,-0.0374010718455564
"448",-8.28076123197465,-3.03836920119209,-0.850548747852159
"449",8.9246958098995,2.56610161433327,0.473023057520651
"450",6.37521298357662,1.53632076090325,0.164945554992317
"451",0.64563103447795,-0.409808756180265,-1.37454246634345
"452",12.2464752945538,2.18371124769845,2.12922766133392
"453",2.3846292110446,-0.635596888600872,-0.455370695597068
"454",3.03261114060736,0.402349322282615,0.169775567311768
"455",-12.8250739691779,-2.39137225339854,-1.92697471333474
"456",9.46358860503112,0.201314986945987,1.34454569739613
"457",3.14497258493974,-2.05523983011922,-0.502000407500653
"458",2.84775050123135,0.200917469954604,0.0930037805311748
"459",-18.823257288859,-7.32652288118016,-3.47523249358014
"460",2.20705560581705,1.24486154140999,-1.01916876130326
"461",-6.31781237683728,-0.705889975643629,-1.33755277263799
"462",1.95104357556144,0.586512250888259,-0.300073482495665
"463",8.6264398906952,2.484197162488,0.563460743738492
"464",-21.4917421379646,-5.69579726052204,-3.07500210943941
"465",4.18739014231507,-0.504705340554154,-0.461522632705937
"466",10.0233732002199,4.71182028298408,2.17645450476699
"467",4.79238731335619,1.23595909007896,0.368851406733987
"468",8.19212842156388,-0.500939448902502,1.02469787614724
"469",6.02750533263775,0.607957873599017,0.651692856948839
"470",11.0670992583884,2.10527172379538,0.532327047485885
"471",2.39727296241738,1.9412844164543,0.615459352609157
"472",4.59215688050505,2.29419044674242,-0.198213140358638
"473",4.26214550502403,2.1054882342852,-0.0872984912215107
"474",9.04041996900527,2.90164649152219,0.632724995422252
"475",6.24947495562535,0.162375652539935,0.023004593368411
"476",-0.784376162280116,2.11069801923273,-0.543085416934695
"477",1.79973966727937,0.859144169537755,-0.715071012752297
"478",-12.7393863672963,-3.62784191158397,-2.00836070103695
"479",3.32276619855036,1.46931400974516,-0.0507627756708267
"480",-4.01614250558717,-0.672034689923679,-0.405534315077266
"481",11.7428915726784,2.72933714834835,0.363715721512167
"482",22.3399514362971,8.463612403899,3.76519100746121
"483",4.2368094704276,2.51206261266918,-0.0157748490056502
"484",6.86837421409125,2.29962160971462,1.29548867358969
"485",-1.26999668780175,0.0606055226180504,-0.611180159349102
"486",4.71803762044157,0.642270645684666,-0.100401214844808
"487",-2.05771969236934,-1.7346308518739,-1.30096410223787
"488",9.6887546828932,4.28264292843706,2.06623144217184
"489",-6.41308035474761,-1.62104220994039,-0.864548304386855
"490",3.32679822340378,0.969223198877371,-0.516147093105581
"491",6.74901543764038,3.93056948932813,0.828220881556871
"492",-1.47753394677254,-1.15505058975507,-0.401527944142229
"493",3.0013737200143,1.43944568969808,-0.459970804719387
"494",13.3318001721507,3.99196475185404,1.53882708338484
"495",2.28823953241035,2.66079219564494,0.264159817054754
"496",1.87463597776556,3.25937391422546,-0.336615292370224
"497",4.56605014997139,2.33417512625846,-0.5542185111861
"498",6.75789711091206,2.84065043847916,0.909633088647374
"499",5.66276120453729,-0.741523614330482,-0.829142244555745
"500",8.36775849242146,1.90648455411971,1.38502531804525
"501",1.23923926672163,1.77856545407901,-0.0528417423734085
"502",6.46466820931424,1.97207707867982,0.512566767077072
"503",-3.33485307179763,-3.6809248877518,-1.05365793805806
"504",-0.00432904569430304,0.064470922642814,-0.511044964091098
"505",11.4301746279908,5.99622470052676,1.1913861851256
"506",-8.92533371983343,-0.222405257594816,-1.30923003740856
"507",3.07850331784682,-1.09557860638678,-0.312984432601985
"508",0.530026138919324,1.25082717921241,-0.255339652882831
"509",15.2217149658584,6.20759381089273,1.59817770708171
"510",13.6496227666737,1.41303545252911,0.557118612146021
"511",-5.61908528064854,-0.973031094196605,-1.03941662260536
"512",7.90650960358853,2.89356572001741,-0.464681908647114
"513",6.1535210309764,-1.45370188484096,0.493726563846558
"514",0.491539462620053,-1.2258847421709,-0.0557265259411365
"515",11.2600377608891,0.71445914377252,0.85023675782267
"516",-16.1600240338905,-4.93663019197573,-2.3597078529393
"517",-0.161933610714805,1.30045582844798,0.513591178388824
"518",1.35278369327868,1.06047831449263,-0.523900052015336
"519",3.97199927752357,1.38778107461136,-0.041263452733587
"520",3.72260673797863,0.544990725651988,-0.119170712264956
"521",-9.15588647912047,-2.80577707852941,-0.99392517780478
"522",2.28945528909792,4.27118462384411,0.241878613935032
"523",5.3269757200567,4.38508446812233,-0.190230504174977
"524",11.8597771351954,3.11391629642018,1.66250094073883
"525",2.16411654214734,1.46509747257167,-0.0767384354236377
"526",-0.406925193779273,-1.08230960227498,-0.687824039453846
"527",16.1102214822077,5.3152033029543,1.06254845428847
"528",2.2734798300872,-1.17999562864173,-0.13751997970858
"529",-4.20740252058854,-0.565701568503927,-0.918826744562117
"530",0.961763734273489,-0.132692361045487,-0.099446300720335
"531",14.1454135289455,6.15474587097182,1.5868984222082
"532",0.259475815135819,1.53757844822175,-0.476671329439419
"533",11.015960314301,2.83706644390384,1.16496903342052
"534",5.614473478654,0.85121514677447,-0.144077933254166
"535",-3.70924789304276,-2.00289071592176,-0.717987016524315
"536",5.8654829925754,0.0351435904158591,0.279257558821804
"537",-2.82301462066903,-0.00666323323490553,-0.244326518066735
"538",5.93262600969952,1.88394051326985,-0.359510400747192
"539",6.58463312750453,4.33436434332386,1.22872985157693
"540",-1.29644198620095,-1.15007854072533,-0.77446049231874
"541",3.36046641661019,2.51079119097794,0.471809621317342
"542",3.38230678410255,1.85895940872042,0.224756957745398
"543",-7.32862937886019,-1.80895612768298,-1.62257915240654
"544",-1.17642107141746,0.0822186595407941,-0.34555068790426
"545",3.9872155698196,2.24797321423654,0.537608020878052
"546",6.05420254839212,2.49748800572782,-0.599191854946111
"547",5.51450850604341,0.934084663402225,0.308642349615801
"548",-4.16628357298281,-1.0438718807943,0.159550708020572
"549",12.4213277561779,4.30996967672297,1.18190152477038
"550",-2.38514684023672,0.221014203874698,-1.13837882035952
"551",11.3402138399926,7.01944266599926,1.57586417724927
"552",-12.6848280962292,-3.24197412724459,-1.59618843106715
"553",9.14191435974249,2.75039579112237,0.945671143901845
"554",15.312983507562,5.57833012311302,2.08909369120867
"555",3.36000194797229,-2.0805383903396,0.653650198807645
"556",6.88476690940104,2.89077403635924,0.697883648212492
"557",-6.04261440455681,-2.83331858361957,-0.925397361090869
"558",7.43468906756428,2.74417520386553,0.127869485651981
"559",-1.96469255255522,1.75438983771974,-0.383644362942124
"560",0.91447969438583,-0.936171037433608,-0.484945968292966
"561",-4.73801253175542,1.51926155581173,-1.32539240437728
"562",-0.498906297625493,0.178304288046414,-0.44582519876057
"563",4.52753870075277,0.0849410099691086,-0.388272176267877
"564",-2.30227316599855,-0.825506542326116,-0.854236557249695
"565",-2.55848302761935,-1.50311230346946,-0.243698052498445
"566",13.3059687343953,4.10624742424744,1.28438400509179
"567",10.2712803405013,3.92266242285305,0.979263784597462
"568",-3.02307804000202,-0.757194592644235,-0.444781955374273
"569",1.52759983252038,0.670978456389054,-0.0342338077749633
"570",-0.261033778459489,-0.93418458233313,-0.675813672925634
"571",2.34004640288271,-1.31750142739202,0.400906116230082
"572",-1.79073699807073,1.82890459624149,-0.939443651018701
"573",-2.45524247929478,-1.4533895583761,-0.663377657609264
"574",9.78243513657862,1.79806225603532,0.257389561432303
"575",4.84863824543402,1.36007650915297,0.460899319996533
"576",-1.11811850667367,0.364860029538619,-0.659463606705811
"577",15.7648162720819,4.47775969838965,1.29417035571598
"578",-0.349376534108493,-1.11943518611602,-0.591082922221174
"579",-9.93399585287231,-1.81363184294765,-1.28579088023886
"580",11.4176131086942,4.56904775104448,1.10225221280202
"581",4.20047830455593,-1.34781836438042,-0.471630993576637
"582",3.16210983841856,0.656866930068875,0.563633285027003
"583",-1.10454506151251,-1.0211675779864,-0.654824753629746
"584",1.55671378389385,-0.371568294613699,-0.706626907304033
"585",-1.11700546345189,-0.167692291081756,-0.919486909087527
"586",2.64273192799335,2.42428400550912,0.390718611182692
"587",11.3645376496542,3.50059090273141,1.35769253115929
"588",8.97620775735424,1.35748834514406,-0.262623719259363
"589",12.5140589937524,2.61307525693198,1.35704725702806
"590",1.44741815487232,0.529328184278582,0.148805504082853
"591",10.1062627516968,4.98855115541075,1.08018998187105
"592",11.9779854558308,4.22513880378574,0.824042536824516
"593",13.05398817618,6.07922783348633,1.29737282095317
"594",8.5388369455409,1.70538607961336,1.19791404671019
"595",2.69565107765388,1.54583540969623,-0.729093336519667
"596",2.79282716238161,-0.746384038298588,-0.198892373829817
"597",-0.477181955862424,1.17670919322335,-0.253026049864508
"598",0.0465020402671662,-0.400084193777589,-0.360378266998209
"599",-0.722341671013587,-0.217130557787636,-0.820365524817615
"600",7.2484601704506,2.01163564597628,1.26750283759713
"601",2.43994125363715,0.0466718362437578,0.375735343071718
"602",0.384147230905607,-0.553295745584392,-0.14753277685408
"603",6.16118014774548,2.44228494015247,-0.0517987614910726
"604",4.75237510674325,-0.0966994286235914,-0.540741944046859
"605",-4.81767362202729,1.97873277501145,-0.940079243383576
"606",2.17064943857765,-0.399331019042912,-0.446121111792905
"607",-0.255846924981544,1.48264722084919,-0.802871810058059
"608",5.08334607624902,2.31600963480705,-0.209839367662444
"609",0.518439835719914,0.496165594126082,-0.029072981479533
"610",0.871225033445149,-0.294702144833151,-0.530805299012206
"611",8.46795975707619,2.39252864522198,0.760755887029008
"612",-1.53002215606747,0.306525303150344,-0.95073138432135
"613",14.5129890549822,5.06005287016445,0.81349180716276
"614",-4.22423723425897,0.123568192586647,-1.01767310688333
"615",3.76085026730857,2.46634565815959,0.66756344156027
"616",11.2410403895755,2.08706472881813,1.44125883609578
"617",4.04181273354043,2.25452546349054,0.0533113164468507
"618",3.90242328312015,0.0108656704916351,-0.22513474715138
"619",11.6121856224932,4.12310039994889,0.563371202004924
"620",0.581059894822999,-1.46592956943555,0.612677890027179
"621",12.7586698724482,1.55582518816044,0.882646344524682
"622",1.95476715665157,0.227743432909418,-0.239512238769001
"623",4.74264588972491,3.07743465363731,0.401231646091265
"624",-2.25342247839767,1.59993521929046,-0.760503364065266
"625",12.5531228475021,5.08296579387559,1.2738310752598
"626",2.01823448883035,-0.497778355391746,-0.445057911032886
"627",4.24290090736414,1.64486716829202,-0.218948594658322
"628",6.84964574297345,2.14397162653731,0.759662748376574
"629",-4.28778163647074,-2.84105861876925,-1.49493103022823
"630",7.78922612659402,2.23436672811631,0.57771800677443
"631",5.7706644418956,2.57760544275922,-0.0214931898276493
"632",4.3114061032954,1.26479388000001,0.696715924763584
"633",-4.18754110646454,-1.60869632188478,-1.09799404793162
"634",5.51016489379129,2.27363636779772,0.125817521811378
"635",-1.20299307746959,0.513008557254593,0.268708151463407
"636",-7.07286037570023,-2.80533952741384,-2.06866037334204
"637",-5.9037828972962,-0.482628649959633,-1.72881324827643
"638",-2.16091770488387,0.573605832757503,-0.310341288643354
"639",8.342331254529,2.8688414272403,0.465988228306135
"640",-6.74569883987828,-3.39945562271194,-1.22735405439442
"641",6.59235379162002,1.6616011441731,0.768985227428994
"642",2.75028890210201,0.968612675120383,-0.22948798232449
"643",-1.04599702106811,-0.272421426128634,-0.0961632301069936
"644",4.63004503767569,0.430270020531037,0.260428373519556
"645",3.46031695829374,3.23408039185246,0.148222575579642
"646",4.854053331497,2.17913270798041,0.436267399738389
"647",0.638270647995619,-0.124931799979022,-0.205143932785902
"648",-1.09733502892893,-1.2133006298628,-0.406608549954553
"649",3.00566240702956,0.386023778353056,0.223607227922222
"650",8.97703004973961,2.59862374524464,0.485823432638599
"651",6.34982608147263,1.8056927335344,-0.240636530087629
"652",-6.67693532362537,-1.99853963064113,-1.42293222914907
"653",-9.16668505471763,-1.17486952981261,-2.2629121462155
"654",5.69255459641508,2.37984436090409,0.680520771192025
"655",6.69238348268229,2.54157143073306,0.709973689877709
"656",10.1184388370736,3.56941431447477,0.813441587966312
"657",3.91310489530772,1.26667921620977,0.748294740756804
"658",3.17044087976399,0.833945048357623,0.541542920570118
"659",6.31247508224452,3.33831603448774,0.0671330506976586
"660",8.07919031627862,0.997522852381566,0.514238381156363
"661",12.0341150196765,5.06206796118865,0.55871378470235
"662",0.932156966513486,-2.48186340445151,-1.0961228930579
"663",-0.572127500659241,-0.581305653057313,-0.449870981891566
"664",4.9988764432234,1.02527752485071,0.418168632400839
"665",14.0726068875475,2.86515142134111,2.0293489854261
"666",2.00994558400575,2.0696741071478,-0.220370808242325
"667",19.3906603325499,6.23389152454089,1.80311473670933
"668",-6.45233500521186,0.168393115906582,-0.529721550992381
"669",-3.83249105301414,-1.17841468724574,-1.38141691735904
"670",6.09230283241639,2.10710435149949,-0.294008808284234
"671",4.27234817968443,0.98241015909978,0.644062903361464
"672",-2.38213860163197,-0.0215808350573201,-0.67871902811681
"673",-0.189422140920667,0.481542783060584,-0.377285992074468
"674",2.17867409012215,1.67851555429038,0.729842002323763
"675",-1.30535963171181,-1.81167108946332,-0.493713012466625
"676",7.45550192678946,4.30100754954442,1.37415669042857
"677",1.9790247537087,0.0689627942419595,-0.287899134741315
"678",-4.5517034195625,-2.2495837542293,-0.512976418561587
"679",-4.16880926800521,-1.79988962053322,-0.660875890417702
"680",0.347555839939472,-4.22790654626694,-0.338429402796063
"681",8.25147371186717,3.22283420131743,0.942602035794224
"682",-7.78261997478521,-4.29197624107628,-0.939298272268755
"683",-4.3829579603114,-1.96167627635443,-0.730420897326218
"684",5.50682432076567,1.4298483530424,0.380915363522374
"685",-9.1496846747171,-2.31250473044743,-1.81206037992941
"686",2.42913131945488,-0.979108046723889,-0.0273136202553726
"687",7.30063719027623,1.46696494737737,-0.274151650723358
"688",4.41982032493617,1.31104716273919,0.503593160937312
"689",-0.270258077586767,1.88445824816845,-0.402595729915616
"690",-9.18902868242244,-2.64436550977834,-2.12141033696409
"691",1.08455347735864,-0.628403031582184,-0.748718188968382
"692",-5.84124637171941,-0.176026181419104,-1.04513356604513
"693",19.7650711493184,7.07509995775346,2.89212201429705
"694",-11.3882176172524,-4.17589147697222,-2.786548084467
"695",8.60449406563944,4.36989424264435,0.324316856149207
"696",5.53154322783581,2.15565887702449,0.199680756629981
"697",9.43489866093825,2.48447827916438,0.912929545111545
"698",-1.57488644502644,-1.82528872162154,-0.836006700286909
"699",2.83726519001864,0.490745459551395,0.0803956316791876
"700",-7.21646872164001,-2.62260742485734,-0.948435826582737
"701",0.246035545433354,-0.0184158251789803,-0.796407793674016
"702",-3.4945543154491,-3.07982104569852,-1.16577010077467
"703",-3.93361599977835,0.683471685952153,-0.971514529888286
"704",-3.47424633344856,-1.85551625629239,-1.33326339397258
"705",-5.05238260855598,-0.137413936735859,-1.18941172401232
"706",2.62445555122831,-1.43181591498572,-0.0590934793082236
"707",-10.1012070028076,-2.00700193581682,-1.1797220835856
"708",12.8611841409477,3.44963510519485,0.748580758049442
"709",4.33065661323718,3.42824701171065,0.396758491996486
"710",0.841811928504193,-0.410680151927249,0.436746987891052
"711",9.56056904795296,3.42896464120065,0.93513701979096
"712",-10.6790096159481,-2.25891430006786,-1.26445068500515
"713",2.85097154453804,0.522884469638246,-0.219604349904939
"714",10.088818671102,4.08156285576911,0.485873819870271
"715",13.2399694078842,4.87882143130361,1.10719392908658
"716",-0.250668910896223,-1.48246552371897,-0.803050598841371
"717",0.385127230318072,0.616149387687996,-0.422735762269566
"718",-4.10568294432077,-3.51874397096819,-0.885699324097789
"719",11.9759084813061,3.94839882461378,0.928033329329035
"720",7.87678069416352,1.48223075010666,0.669434971767753
"721",14.3521204936852,3.87350855588316,1.76764604739154
"722",6.77990421545273,2.12479257751366,0.59848113471897
"723",10.4754485021823,2.88081254296415,1.46857097625169
"724",8.21416382612903,3.96190623152493,1.63475200941383
"725",4.08836731630759,0.132161335965516,-0.591627598878295
"726",-12.1921065335785,-3.26888206384676,-2.64121692872138
"727",3.47376512999375,-0.488605153386618,-0.501598661755689
"728",6.65938026682144,1.54775492205102,0.832072432832772
"729",9.53047608072041,3.13896050995591,0.407505648705167
"730",9.55372161273095,2.62437623421523,0.805741950939325
"731",-12.4698017120606,-4.81279430339795,-1.98506315958001
"732",0.957714522306102,-0.196465241748329,-0.365025481136982
"733",11.7027704708045,3.06102935514452,1.49830188155059
"734",-1.94666432760154,-0.54949661506251,-0.683228537720812
"735",-1.59103811663873,-0.34301638620917,-1.03848039377485
"736",5.13080909036708,1.54182994729198,0.260717826113289
"737",-3.12728830064909,-0.185813626142363,-0.827272759349359
"738",7.16546571524337,3.05975225738021,0.670455844771081
"739",7.8840554114984,3.3864710597459,1.31441041543273
"740",2.49809977824256,3.21796450859995,0.299604045827942
"741",-3.5323661413701,-1.33861770257433,-1.41256843590838
"742",7.74034066419124,4.47974499043788,0.0785979374522843
"743",-9.25691383604869,-2.98444696930076,-1.6924968300261
"744",-3.37174106931528,-0.627966491755326,-0.957653587200577
"745",-2.78677649457478,0.456089884845118,-0.0537573528227625
"746",-5.10008637504597,-1.67641629171562,-1.04114758563882
"747",-5.26966686755127,-2.73755333925016,-1.95357379505457
"748",16.7459791905689,5.38072409903123,2.74829205781528
"749",-4.40019009269407,-1.37786976306139,-1.20366797073275
"750",-5.56101912602215,-3.78532528714768,-0.656147463685613
"751",0.802561114691912,1.56358323493751,-0.623172291610822
"752",-0.396274577246725,-0.96483668262145,-0.589498087658438
"753",7.25016799517216,2.77825544594187,0.749106861958273
"754",1.06056315498512,-0.0752024634522676,-0.777064477147429
"755",8.94135660270082,2.60009672221068,0.589756185586426
"756",18.9437173971573,8.89473075728848,2.73716907573199
"757",7.63061254799471,2.85566044905312,0.580886996268833
"758",-0.906793600283104,-0.591211772820925,-0.375593779459785
"759",17.0670148950183,5.53092614672501,1.92570539107399
"760",10.1690566430474,4.35075740346908,0.869802253884633
"761",5.89209945031991,3.07740531797973,0.636735348599358
"762",10.2826248947088,3.4724654616045,1.06963562544441
"763",6.95387810167926,2.35701770745532,0.378658737213836
"764",1.49982390057217,-0.965897328385719,0.0910634413301401
"765",8.85705827946454,1.69407273025344,0.965412282431559
"766",9.37369615707621,6.33116259259626,1.59307827563503
"767",13.3001983894811,2.59346200992711,1.0458287579489
"768",11.3240699820272,4.17645892179299,1.10719199512062
"769",11.5066585569757,5.63825358201006,1.24473017811601
"770",3.78547163103477,0.499245869916244,0.297667428305955
"771",7.99745863277967,1.25894791645127,0.484364435128964
"772",13.7366379943215,4.5383008673578,1.4285292820534
"773",3.31021923922224,0.00874823632153343,-0.246836802437868
"774",2.2589018807328,1.45293739011614,-0.360023026885544
"775",10.0486070159775,4.70709959494136,0.846453502378201
"776",10.0185014486318,5.15698367232176,1.3940218400765
"777",6.31287000976356,1.81931382452495,0.279506877798775
"778",3.1644417029879,3.4504251767979,1.0164319058129
"779",1.37562958219826,0.700134403314668,-0.3170848117535
"780",3.45407200584024,1.77665604759668,-0.574552400425307
"781",0.890055622400385,2.46385993782554,-0.0703092386468889
"782",8.96447616338797,3.92768499929834,0.773696301663291
"783",-8.75865183610817,-2.20269772620994,-0.808063338056359
"784",-5.69922961083214,-0.748571487934689,-0.999158178515317
"785",3.1615764778244,0.782682600206152,0.543049409446668
"786",11.1041516951808,3.6986996515531,0.78854342579115
"787",3.53150440365739,0.979650700969003,0.77645624068611
"788",2.17149976675401,1.33483352169958,-0.014885803963451
"789",5.71194106576408,0.216875613779662,0.00547507189660027
"790",7.49340774079045,0.481092309880597,0.934037487841768
"791",8.78773579505993,3.92990629303172,1.35501647676239
"792",0.754544489225824,1.26670622089928,-0.0887229530697774
"793",-0.234910122075372,0.412212995941518,-0.338114969846088
"794",7.61294537160311,2.62185029471714,1.029380756643
"795",-1.09380746960539,-0.068663402673428,-0.676030561817113
"796",10.9667328867286,1.98966506680262,1.07711029941772
"797",0.648212150603703,0.499540214491839,-0.230639830609686
"798",5.55892678878484,1.34932989105925,0.345993181348213
"799",2.85414112542112,1.21985823749433,-0.324225229524001
"800",6.58379274867274,2.04562204391818,0.408376193516149
"801",5.48474569784909,1.12587014203119,0.178324544724479
"802",0.19605804927833,0.950606824508459,-0.821123401353107
"803",-1.95603533899242,-0.788078370402688,-1.18620208691214
"804",4.51945410251636,0.222853343955244,-0.0312736070329132
"805",1.18047203670918,1.97358318957518,0.0474477860743732
"806",0.979677189724225,-0.535933786640524,-0.130595434858331
"807",-4.17039541281516,-1.72626091399474,-0.40592423369743
"808",-11.5486262458608,-5.17453589438521,-1.86665811045601
"809",3.43220023019382,-0.324852677511202,0.169432658588226
"810",13.1399721378826,6.28287165991232,1.03367829722211
"811",6.23014057604023,1.45941438942536,0.108354480558329
"812",7.81358050471587,2.93319884059602,0.894200624278651
"813",-5.33807366919471,-2.24514711734871,-1.30218411855796
"814",4.61652428564196,2.83528333229663,0.074960701765542
"815",14.1640030763691,6.32967554447459,1.4979931401682
"816",8.16255323784981,3.1006146035147,1.33702856152786
"817",2.64054989314392,3.41809160295891,-0.65408363741313
"818",-2.71057893706665,-0.88415429877693,-0.397814907932764
"819",-6.17450442265304,-1.57272297503072,-1.2905157717968
"820",2.39540554564272,0.818224251199236,-0.17198301890512
"821",1.92592877610683,2.64641918329175,-0.674887242466872
"822",7.53628659162236,3.38434186571414,0.83562810032857
"823",-1.39594826215747,-0.87209503495242,-0.45605385562494
"824",-3.54802037685701,0.177845575738135,-0.297068296287228
"825",-2.18498282874229,-3.22576377093423,-0.435708082594748
"826",3.87680865877515,1.76054964701803,0.632339542700359
"827",-3.44487551968403,-0.506884628488396,-0.715991443626743
"828",0.810251053112798,2.00382171823257,-0.522244371718401
"829",2.74072568220218,1.66863011184151,-0.992225409796718
"830",1.81923728405335,0.589541622078769,-0.0981102107200139
"831",3.2912681260199,0.524350644066145,-0.647918040344856
"832",11.5922486177092,5.5617946337819,1.9183925892697
"833",-3.65631106531764,-0.945428990025799,-0.696592359477993
"834",6.13217589264859,1.69948467614398,0.652890961789449
"835",4.48050060241003,0.753793031722453,0.41960800613032
"836",-1.62754857319242,-0.107182719577717,-0.239957122222548
"837",9.56587213832536,4.07143524723485,1.74250185353026
"838",9.96129338397657,2.71759714340165,1.34712221454863
"839",2.29661206939134,3.40985412057447,-0.361359612059562
"840",3.04614471552571,1.43118521922232,0.192667707943781
"841",6.12760231995297,1.97052668804822,1.12718914787095
"842",-5.21823371447084,-1.16364174241922,-0.948081843863142
"843",4.72129555892295,-0.428916728173181,-0.919114314936057
"844",5.80059915803761,1.04040704192389,0.7770203805109
"845",-7.46828385488015,-2.09370471564847,-0.47827023027588
"846",14.8057468776856,4.24931340263231,1.06964100495345
"847",-5.45063562677852,-0.00814182807322431,-0.626526858241465
"848",1.9791840933864,1.20960690454468,-0.13892384812941
"849",-7.53525846797647,-2.87103104263413,-1.33750195777052
"850",11.4304809398301,2.23128594465058,1.48027467011448
"851",-2.03786168407852,1.10425282500397,-0.236672087655125
"852",-4.42947162735964,-2.38456958445409,-1.03743480298173
"853",-1.79415305087511,-1.59912435414704,-0.723148656871683
"854",4.22154905632115,3.26415363393211,0.363845754560589
"855",0.459841602769872,-0.543005693426994,-0.356712351877941
"856",16.9721493736304,5.22264097296625,2.1746056678362
"857",9.61181852200571,4.18514230232634,0.887172441929444
"858",0.123829225992207,0.414104739826591,-0.325587166827399
"859",-3.39987506574517,-1.70997006023516,-0.454390614220608
"860",5.61348621047854,3.38844337000151,1.61629672982765
"861",7.11875524395808,1.73614870227796,0.0372216849278391
"862",4.24838520127373,2.18453574228366,0.135780145392152
"863",-6.43141494471929,-3.80546650754237,-1.79414878960229
"864",-2.33401289448624,-1.37628780966427,-1.05946529774157
"865",-1.88602187304081,-0.824585787663721,-1.01689728210958
"866",-5.71048454757735,-2.62220045128001,-1.64592741369893
"867",7.0136377244855,4.78892863194311,0.39029257246892
"868",8.91863643185334,1.65481204016071,0.469927487840811
"869",-5.26723140936041,-0.782629108303326,-1.1406357034539
"870",12.5978693297863,3.87280155216162,1.4055831761564
"871",14.0906597108138,1.37332765318098,0.718432325983062
"872",-0.711833440296468,-1.95273711454893,-0.30634594327186
"873",0.613885369728108,0.633426024504433,-0.0638352691232129
"874",2.81325351695262,0.376379682808739,0.159427781969949
"875",-2.66628134998311,1.35495337070714,-0.415154228612303
"876",-2.00222917823061,-1.20554800998058,-0.866633889936372
"877",-2.79345495000048,-0.682860113991009,-0.456283332610579
"878",-6.88819308680864,-1.12185279826413,-1.18602013148275
"879",-1.778008849225,-0.4218438269856,-0.566034135747555
"880",0.745694138555926,-0.340031440034962,-0.385596999810322
"881",-6.24482150182865,-0.751363600598965,-0.845692564981399
"882",10.5945657295963,2.58526521673197,0.609297078231427
"883",-1.6198556413406,-0.63597921270703,-0.312138768745811
"884",-3.9493597192672,-2.52216103555587,-0.494695086293796
"885",3.34945279860972,-0.438639954876699,0.262392399817374
"886",1.77965542979599,0.332208679385143,0.285896157087527
"887",-0.704519113386624,-2.5969217318979,-1.16368481772041
"888",-3.36601336227961,-1.55870639127103,-1.57573515555421
"889",5.82805242393794,3.25189905770013,1.1152494796012
"890",10.4267392181328,3.1304503524081,1.03835097702022
"891",4.57695373648787,0.228520021461164,-0.165945577231429
"892",11.1274726628147,3.34662375027446,1.02172069993726
"893",-6.26401021964323,-0.0354515378612987,-1.29251645405166
"894",12.9351266282372,2.90286076406992,1.61703203766701
"895",1.26712237853396,-1.66414304893197,-0.357372269342624
"896",3.0054639277048,1.78907388720329,-0.522896159349682
"897",1.78638138854115,-0.740425363912835,-0.377441752615451
"898",0.80144027825952,-0.077126292858036,-1.09114132959921
"899",0.0148802069775689,0.640786852208214,-0.186163773683904
"900",6.08560892345219,1.73355207455616,0.759728116910003
"901",17.2649890623758,5.34934446173361,2.10046086748469
"902",-8.87893461570289,-5.59291104759232,-1.36673308430454
"903",1.43148648400007,0.0246183630525463,-0.1745115977286
"904",11.0264574203412,1.53495625145242,1.42790683406655
"905",10.3794066847712,2.28416250910478,0.859867454679236
"906",-0.651188850139183,-0.711189250308174,-0.583190651313125
"907",-4.94246999900223,-1.12532461533588,-0.761601763800608
"908",-3.90079728181668,-1.12716268571126,-0.842012927895353
"909",-20.0375882849221,-6.8391652399166,-2.37041502929496
"910",5.35749275596373,3.43182731114864,0.530880854170341
"911",0.723440991689567,-1.05314138909385,-0.370973295977653
"912",3.74933534386678,-0.12375395186274,-0.3076656500123
"913",11.6236351280969,4.05466652146734,0.807822372070911
"914",0.150725227520826,0.242729228168629,-0.167430230539843
"915",-1.28984181161592,1.2421187804048,-0.257615903491381
"916",-1.41342197838497,1.64456119836171,0.149205533353655
"917",17.7692907240025,6.21426880733148,2.17639885641329
"918",-9.49351194467729,-4.5250185085637,-1.9759163966198
"919",19.9036871182443,6.27494320297622,2.16085604154897
"920",-8.55883834464517,-2.57895645806636,-1.31422652894919
"921",14.859258757056,4.71656585578456,1.65212701452381
"922",4.71771256836371,0.797071697191989,0.537480728302713
"923",4.99123223362475,2.15884655626299,-0.0581014076088196
"924",8.89006556887483,2.51096531469877,-0.27729254834184
"925",7.89131728205932,4.83175319642536,0.820920568534067
"926",21.8513646374638,8.13364264579459,2.76711026707528
"927",1.80828637968039,2.38119550001832,-0.453517222292213
"928",1.21208180921454,1.9810384640966,-0.09414207102941
"929",-3.26359153969593,-1.47768742685545,-1.13500949260336
"930",11.0314565445243,3.80844505709496,0.593901302207093
"931",2.07781852576011,2.25505681918778,-0.674125048885024
"932",6.15418442691493,1.7164980781252,0.812275907431517
"933",-10.3920731878872,-1.38048021948168,-1.59205534584429
"934",0.872862636476238,1.85603231398766,-0.929447863565131
"935",-10.8234326657726,-2.14522360317124,-1.75692031776061
"936",-1.0553842645949,-0.0503521063807642,-0.0611563644134487
"937",-3.33464533449419,0.262974703226182,-0.621098561752028
"938",5.78483519517081,2.29685211670725,1.1619488616119
"939",10.3572689661957,4.84328559597957,2.91566338028965
"940",6.87641661388395,4.30170533688144,1.22585853213852
"941",12.594367858986,4.42387617525712,1.87384082826704
"942",9.67724521278441,2.56353854882553,0.272548802799992
"943",7.2613419114306,3.77756354329058,0.226088936104421
"944",7.28224790608172,1.17787779167601,0.989736390531993
"945",-5.33461730075729,0.480624998777117,-1.48405415030088
"946",8.02690777177314,2.51732931578116,1.23411886690737
"947",3.49785255019909,0.660458719578879,0.183335235560025
"948",8.1551511977523,2.2796317284537,1.11221203491018
"949",0.396226436712964,2.07632720451019,-0.324396067326727
"950",7.13438512158798,1.54936950488373,0.0699054071405299
"951",3.87482558404137,2.61849308692893,0.0982965478254262
"952",11.490404415315,5.73993083255703,1.63620760994576
"953",7.17779317275947,2.197795967701,1.0531549654417
"954",-6.31379947272934,-1.64935479053306,-1.40743882455287
"955",9.01431397920169,1.82730608184873,0.564280807642901
"956",-4.3050053126457,-0.171600810472237,-0.572770199639751
"957",-6.48121578477604,-1.2553349824619,-1.4575059709528
"958",7.30233164935685,3.56396164854192,0.78259445021202
"959",14.24124269694,3.43627563288363,0.846341180151657
"960",10.5698291420923,1.28139098922318,1.56886267034944
"961",5.68083892444659,0.254414803387117,0.87029371784036
"962",-3.42165917348957,-0.250759279728553,-1.53695536532808
"963",8.10485132760012,2.39592809833416,1.27026870661558
"964",7.66878265919218,1.82324763039165,0.854253204885803
"965",8.80688119866552,2.2107501031291,1.22054453137637
"966",-6.1795791081158,-3.89068362807175,-1.18392190153912
"967",-8.099032647735,-2.07864009990728,-1.55760719670829
"968",0.671985416571144,0.51171098245075,-0.0760153101348567
"969",7.84305191666945,3.42777255388271,1.15365328673998
"970",4.21162356357832,1.6722421476529,1.15336585446918
"971",-0.183182527325549,1.95211481177156,-0.986892643012856
"972",2.6709332417725,2.3409203394975,-0.147909627979286
"973",7.53090558031633,2.01338947303299,0.554953136445532
"974",-7.9237708456037,-3.61819520151399,-0.625636427894206
"975",-0.334267455022375,-2.22488088568304,0.0974565975229579
"976",-1.1832774622606,-1.16640666073635,-0.0749355403467416
"977",13.8395809893284,1.21917780431409,1.08990699810809
"978",-15.4840781289679,-5.6374770974422,-2.24996683962119
"979",0.894001541094791,1.90688314687152,-0.40834411734168
"980",5.86275555335178,2.08639261719934,0.825603739366494
"981",-0.0933314128870459,0.0670093864786257,-0.165057075090433
"982",15.7198134234762,4.5072695196973,1.63437967725241
"983",11.6230724615582,2.95555759251678,0.799174929078556
"984",1.27801087760997,1.3364149602533,0.438560681325991
"985",6.01091615477142,2.22670116737053,1.25067266252176
"986",8.10192406744342,1.59787366114026,0.156312029866034
"987",13.7255378828762,5.70681715482981,1.35466333112927
"988",5.21767896468274,0.627712188749027,0.335912006892297
"989",-5.12752285557541,-0.0160348618931965,-1.14696107116609
"990",-12.1165784591301,-4.92319360413863,-1.43275398005224
"991",13.4776950995942,3.86722573469508,1.29173536495658
"992",4.90972299371472,0.183160980391851,-0.149850669242588
"993",8.26926103770276,7.41073332719424,1.74150710334677
"994",6.28184808348074,4.93361594194226,1.39643398325382
"995",9.90719727372167,4.57142807648177,0.801937311128957
"996",-4.7231550622118,-1.10793088600366,-1.30663315633081
"997",-7.8359597162431,-2.56816841819595,-1.52252085705859
"998",4.37172765994571,-0.924424317745507,0.429812045892159
"999",2.1466408378793,0.310838046492717,0.193970147116555
"1000",9.82910852417113,2.79041477270283,0.918283321136743
